Input Code,DNL,INL
0.0,0.0,0.03349106736001741
0.1001001001001001,0.09416507217040349,0.1276561395304209
0.2002002002002002,0.09416507217016679,0.2218212117005877
0.3003003003003003,0.09416507217040349,0.31598628387099115
0.4004004004004004,0.09416507217016679,0.41015135604115793
0.5005005005005005,0.09416507217052184,0.5043164282116798
0.6006006006006006,0.09416507217028514,0.5984815003819649
0.7007007007007008,0.09416507217028514,0.69264657255225
0.8008008008008008,0.09416507217028514,0.7868116447225352
0.9009009009009009,0.09416507217028514,0.8809767168928203
1.001001001001001,0.08322342144861783,0.9642001383414381
1.1011011011011012,-1.0,-0.03579986165856184
1.2012012012012012,-1.0,-1.0357998616585617
1.3013013013013013,-0.9999999999998817,-2.0357998616584436
1.4014014014014016,-1.0000000000001183,-3.0357998616585617
1.5015015015015016,-1.0,-4.035799861658561
1.6016016016016017,-1.0,-5.035799861658561
1.7017017017017018,-1.0000000000001183,-6.035799861658679
1.8018018018018018,-0.9999999999998817,-7.035799861658561
1.9019019019019021,-1.0,-8.03579986165856
2.002002002002002,-1.0,-9.03579986165856
2.1021021021021022,-1.0,-10.03579986165856
2.2022022022022023,-1.0,-11.03579986165856
2.3023023023023024,-1.0,-12.03579986165856
2.4024024024024024,-1.0,-13.03579986165856
2.5025025025025025,-1.0,-14.03579986165856
2.6026026026026026,-1.0,-15.03579986165856
2.702702702702703,-0.9999999999998817,-16.035799861658443
2.802802802802803,-1.0000000000001183,-17.03579986165856
2.902902902902903,-1.0,-18.03579986165856
3.0030030030030033,-0.844216704348219,-18.88001656600678
3.1031031031031033,4.192776521728754,-14.687240044278028
3.2032032032032034,4.192776521728636,-10.494463522549392
3.3033033033033035,4.192776521728636,-6.301687000820756
3.4034034034034035,4.192776521728754,-2.108910479092003
3.5035035035035036,4.192776521728754,2.083866042636751
3.6036036036036037,4.192776521728636,6.276642564365387
3.7037037037037037,4.192776521728636,10.469419086094023
3.8038038038038042,4.192776521728636,14.662195607822659
3.9039039039039043,4.192776521728636,18.854972129551292
4.004004004004004,3.9850654608595946,22.840037590410887
4.104104104104104,-1.0,21.840037590410887
4.2042042042042045,-1.0,20.840037590410887
4.3043043043043046,-1.0,19.840037590410887
4.404404404404405,-1.0,18.840037590410887
4.504504504504505,-1.0,17.840037590410887
4.604604604604605,-1.0,16.840037590410887
4.704704704704705,-1.0,15.840037590410887
4.804804804804805,-1.0,14.840037590410887
4.904904904904905,-1.0,13.840037590410887
5.005005005005005,-1.0,12.840037590410887
5.105105105105105,-1.0,11.840037590410887
5.205205205205205,-1.0,10.840037590410887
5.305305305305305,-1.0,9.840037590410887
5.405405405405406,-1.0,8.840037590410887
5.505505505505506,-1.0,7.840037590410887
5.605605605605606,-1.0,6.840037590410887
5.705705705705706,-1.0,5.840037590410887
5.805805805805806,-1.0,4.840037590410887
5.9059059059059065,-1.0,3.8400375904108865
6.0060060060060065,-1.0,2.8400375904108865
6.106106106106107,-1.0,1.8400375904108868
6.206206206206207,-1.0,0.8400375904108867
6.306306306306307,-1.0,-0.1599624095891133
6.406406406406407,-1.0,-1.1599624095891132
6.506506506506507,-1.0,-2.1599624095891135
6.606606606606607,-1.0,-3.1599624095891135
6.706706706706707,-1.0,-4.159962409589113
6.806806806806807,-1.0,-5.159962409589113
6.906906906906907,-1.0,-6.159962409589113
7.007007007007007,-1.0,-7.159962409589113
7.107107107107107,-1.0,-8.159962409589113
7.207207207207207,-1.0,-9.159962409589113
7.307307307307307,-1.0,-10.159962409589113
7.407407407407407,-1.0,-11.159962409589113
7.507507507507508,-1.0,-12.159962409589113
7.6076076076076085,-1.0,-13.159962409589113
7.7077077077077085,-1.0,-14.159962409589113
7.807807807807809,-1.0,-15.159962409589113
7.907907907907909,-1.0,-16.159962409589113
8.008008008008009,-0.7253058865052913,-16.885268296094406
8.108108108108109,2.433676418682793,-14.451591877411612
8.208208208208209,2.4336764186829116,-12.017915458728702
8.308308308308309,2.433676418682793,-9.584239040045908
8.408408408408409,2.4336764186829116,-7.1505626213629965
8.508508508508509,2.4336764186829116,-4.716886202680085
8.608608608608609,2.433676418682793,-2.2832097839972922
8.70870870870871,2.43367641868303,0.1504666346857381
8.80880880880881,2.433676418682793,2.584143053368531
8.90890890890891,2.433676418682793,5.0178194720513245
9.00900900900901,2.1246455410014233,7.142465013052748
9.10910910910911,-1.0,6.142465013052748
9.20920920920921,-1.0,5.142465013052748
9.30930930930931,-1.0,4.142465013052748
9.40940940940941,-0.9999999999998817,3.1424650130528655
9.50950950950951,-1.0000000000001183,2.1424650130527474
9.60960960960961,-1.0,1.1424650130527476
9.70970970970971,-1.0,0.14246501305274753
9.80980980980981,-1.0000000000001183,-0.8575349869473708
9.90990990990991,-0.9999999999998817,-1.8575349869472524
10.01001001001001,-0.8100427590925136,-2.667577746039766
10.11011011011011,0.8995724090755748,-1.768005336964191
10.21021021021021,0.8995724090754564,-0.8684329278887347
10.31031031031031,0.8995724090753381,0.03113948118660339
10.41041041041041,0.8995724090755748,0.9307118902621782
10.51051051051051,0.8995724090754564,1.8302842993376347
10.61061061061061,0.8995724090754564,2.729856708413091
10.710710710710712,0.8995724090754564,3.6294291174885474
10.810810810810812,0.8995724090754564,4.529001526564004
10.910910910910912,0.8995724090754564,5.42857393563946
11.011011011011012,0.6906194440771503,6.11919337971661
11.111111111111112,-1.0,5.11919337971661
11.211211211211213,-1.0,4.11919337971661
11.311311311311313,-1.0,3.11919337971661
11.411411411411413,-1.0,2.11919337971661
11.511511511511513,-1.0,1.11919337971661
11.611611611611613,-1.0,0.11919337971660995
11.711711711711713,-1.0,-0.8808066202833901
11.811811811811813,-1.0,-1.88080662028339
11.911911911911913,-1.0,-2.88080662028339
12.012012012012013,-0.8893333930700202,-3.7701400133534104
12.112112112112113,-0.0777782755835813,-3.8479182889369916
12.212212212212213,-0.07777827558369965,-3.9256965645206914
12.312312312312313,-0.07777827558346295,-4.003474840104154
12.412412412412413,-0.07777827558369965,-4.081253115687853
12.512512512512513,-0.0777782755835813,-4.1590313912714345
12.612612612612613,-0.0777782755835813,-4.236809666855016
12.712712712712714,-0.07777827558369965,-4.314587942438715
12.812812812812814,-0.07777827558346295,-4.392366218022178
12.912912912912914,-0.07777827558369965,-4.470144493605877
13.013013013013014,-0.1976670997577359,-4.667811593363613
13.113113113113114,-1.0,-5.667811593363613
13.213213213213214,-1.0,-6.667811593363613
13.313313313313314,-1.0,-7.667811593363613
13.413413413413414,-1.0,-8.667811593363613
13.513513513513514,-1.0,-9.667811593363613
13.613613613613614,-1.0,-10.667811593363613
13.713713713713714,-1.0,-11.667811593363613
13.813813813813814,-1.0,-12.667811593363613
13.913913913913914,-1.0,-13.667811593363613
14.014014014014014,-0.5893214821549422,-14.257133075518555
14.114114114114114,1.9334179846076402,-12.323715090910914
14.214214214214214,1.9334179846075221,-10.390297106303393
14.314314314314315,1.9334179846077588,-8.456879121695634
14.414414414414415,1.9334179846075221,-6.523461137088112
14.514514514514515,1.9334179846075221,-4.59004315248059
14.614614614614615,1.9334179846075221,-2.656625167873068
14.714714714714715,1.9334179846077588,-0.723207183265309
14.814814814814815,1.9334179846075221,1.2102108013422133
14.914914914914915,1.9334179846076402,3.1436287859498533
15.015015015015017,1.493405286916465,4.637034072866319
15.115115115115117,-1.0,3.6370340728663186
15.215215215215217,-1.0,2.6370340728663186
15.315315315315317,-1.0,1.6370340728663189
15.415415415415417,-1.0,0.6370340728663187
15.515515515515517,-1.0,-0.36296592713368125
15.615615615615617,-1.0,-1.3629659271336811
15.715715715715717,-1.0,-2.3629659271336814
15.815815815815817,-1.0,-3.3629659271336814
15.915915915915917,-1.0,-4.362965927133681
16.016016016016017,-0.8070650303181468,-5.170030957451828
16.116116116116117,0.20584356051125718,-4.96418739694057
16.216216216216218,0.20584356051125718,-4.758343836429313
16.316316316316318,0.20584356051137553,-4.552500275917938
16.416416416416418,0.20584356051125718,-4.346656715406681
16.516516516516518,0.20584356051125718,-4.140813154895424
16.616616616616618,0.20584356051125718,-3.9349695943841674
16.716716716716718,0.20584356051113883,-3.7291260338730283
16.816816816816818,0.20584356051137553,-3.5232824733616526
16.916916916916918,0.20584356051125718,-3.3174389128503954
17.017017017017018,0.21110075432160547,-3.1063381585287897
17.117117117117118,0.23676822998332248,-2.869569928545467
17.217217217217218,0.23676822998344083,-2.632801698562026
17.31731731731732,0.23676822998332248,-2.3960334685787035
17.41741741741742,0.23676822998332248,-2.1592652385953808
17.51751751751752,0.23676822998344083,-1.9224970086119397
17.61761761761762,0.23676822998332248,-1.6857287786286173
17.71771771771772,0.23676822998344083,-1.4489605486451764
17.81781781781782,0.23676822998332248,-1.212192318661854
17.91791791791792,0.23676822998332248,-0.9754240886785316
18.01801801801802,0.014149948586454686,-0.9612741400920769
18.11811811811812,-1.0,-1.9612741400920768
18.21821821821822,-1.0000000000001183,-2.9612741400921956
18.31831831831832,-0.9999999999998817,-3.9612741400920775
18.41841841841842,-0.9999999999998817,-4.961274140091959
18.51851851851852,-1.0,-5.961274140091959
18.61861861861862,-1.0000000000001183,-6.961274140092077
18.71871871871872,-1.0000000000001183,-7.961274140092195
18.81881881881882,-0.9999999999998817,-8.961274140092076
18.91891891891892,-1.0,-9.961274140092076
19.01901901901902,-0.4467199634586657,-10.407994103550742
19.11911911911912,1.9120001923231111,-8.49599391122763
19.21921921921922,1.9120001923231111,-6.5839937189045195
19.31931931931932,1.9120001923228744,-4.671993526581645
19.41941941941942,1.9120001923231111,-2.759993334258534
19.51951951951952,1.9120001923231111,-0.8479931419354226
19.61961961961962,1.9120001923228744,1.064007050387452
19.71971971971972,1.9120001923231111,2.976007242710563
19.81981981981982,1.9120001923231111,4.888007435033675
19.91991991991992,1.9120001923231111,6.800007627356786
20.02002002002002,1.3296001538582995,8.129607781215086
20.12012012012012,-1.0,7.1296077812150855
20.22022022022022,-1.0,6.1296077812150855
20.32032032032032,-1.0,5.1296077812150855
20.42042042042042,-1.0,4.1296077812150855
20.52052052052052,-1.0,3.129607781215085
20.62062062062062,-1.0,2.129607781215085
20.72072072072072,-1.0,1.1296077812150853
20.82082082082082,-1.0,0.12960778121508523
20.92092092092092,-1.0,-0.8703922187849148
21.02102102102102,-0.5456253612887565,-1.4160175800736712
21.12112112112112,1.1636887557684799,-0.25232882430519143
21.22122122122122,1.1636887557682432,0.9113599314630517
21.32132132132132,1.1636887557684799,2.0750486872315315
21.421421421421424,1.1636887557682432,3.2387374429997746
21.521521521521525,1.1636887557682432,4.402426198768018
21.621621621621625,1.1636887557684799,5.5661149545364985
21.721721721721725,1.1636887557682432,6.729803710304742
21.821821821821825,1.1636887557682432,7.893492466072985
21.921921921921925,1.1636887557682432,9.057181221841228
22.022022022022025,0.6876772294993101,9.744858451340537
22.122122122122125,-1.0,8.744858451340537
22.222222222222225,-1.0,7.744858451340537
22.322322322322325,-1.0,6.744858451340537
22.422422422422425,-1.0,5.744858451340537
22.522522522522525,-1.0,4.744858451340537
22.622622622622625,-1.0,3.7448584513405367
22.722722722722725,-1.0,2.7448584513405367
22.822822822822825,-1.0,1.744858451340537
22.922922922922925,-1.0,0.7448584513405369
23.023023023023026,-0.7686495972690583,-0.023791145928521475
23.123123123123126,0.005871316221763623,-0.017919829706757852
23.223223223223226,0.005871316221763623,-0.012048513484994229
23.323323323323326,0.005871316221526923,-0.006177197263467306
23.423423423423426,0.005871316221763623,-0.0003058810417036831
23.523523523523526,0.005871316221763623,0.00556543518005994
23.623623623623626,0.005871316221526923,0.011436751401586863
23.723723723723726,0.005871316221763623,0.017308067623350486
23.823823823823826,0.005871316221526923,0.02317938384487741
23.923923923923926,0.005871316221763623,0.02905070006664103
24.024024024024026,0.03536230490412584,0.06441300497076688
24.124124124124126,0.12875043573192158,0.19316344070268845
24.224224224224226,0.12875043573192158,0.32191387643461
24.324324324324326,0.12875043573192158,0.4506643121665316
24.424424424424426,0.12875043573168488,0.5794147478982165
24.524524524524526,0.12875043573192158,0.708165183630138
24.624624624624627,0.12875043573192158,0.8369156193620596
24.724724724724727,0.12875043573192158,0.9656660550939812
24.824824824824827,0.12875043573192158,1.0944164908259029
24.924924924924927,0.12875043573168488,1.2231669265575877
25.025025025025027,0.018956931660941923,1.2421238582185297
25.125125125125127,-0.31042358055223385,0.9317002776662957
25.225225225225227,-0.31042358055223385,0.6212766971140619
25.325325325325327,-0.31042358055223385,0.310853116561828
25.425425425425427,-0.31042358055223385,0.00042953600959418775
25.525525525525527,-0.31042358055223385,-0.3099940445426397
25.625625625625627,-0.31042358055199715,-0.6204176250946368
25.725725725725727,-0.31042358055223385,-0.9308412056468707
25.825825825825827,-0.31042358055223385,-1.2412647861991044
25.925925925925927,-0.31042358055223385,-1.5516883667513384
26.026026026026027,-0.1729410234862907,-1.724629390237629
26.126126126126128,0.21835548508564484,-1.5062739051519842
26.226226226226228,0.21835548508564484,-1.2879184200663394
26.326326326326328,0.21835548508564484,-1.0695629349806945
26.426426426426428,0.21835548508564484,-0.8512074498950498
26.526526526526528,0.21835548508564484,-0.632851964809405
26.626626626626628,0.21835548508564484,-0.41449647972376014
26.726726726726728,0.21835548508564484,-0.19614099463811527
26.826826826826828,0.21835548508588154,0.022214490447766265
26.926926926926928,0.21835548508564484,0.2405699755334111
27.027027027027028,0.3824572982765937,0.6230272738100048
27.127127127127128,0.8261399783854553,1.4491672521954602
27.227227227227228,0.826139978385692,2.2753072305811517
27.32732732732733,0.8261399783854553,3.101447208966607
27.42742742742743,0.8261399783854553,3.9275871873520622
27.52752752752753,0.8261399783854553,4.7537271657375175
27.62762762762763,0.826139978385692,5.5798671441232095
27.72772772772773,0.8261399783854553,6.406007122508665
27.82782782782783,0.826139978385692,7.232147100894357
27.92792792792793,0.8261399783854553,8.058287079279813
28.02802802802803,0.31482078443753725,8.373107863717351
28.12812812812813,-1.0,7.373107863717351
28.22822822822823,-1.0,6.373107863717351
28.32832832832833,-1.0,5.373107863717351
28.42842842842843,-1.0,4.373107863717351
28.52852852852853,-1.0,3.3731078637173506
28.62862862862863,-1.0,2.3731078637173506
28.72872872872873,-1.0,1.3731078637173508
28.82882882882883,-1.0,0.3731078637173507
28.92892892892893,-1.0,-0.6268921362826493
29.02902902902903,-1.0,-1.6268921362826492
29.12912912912913,-1.0,-2.6268921362826494
29.22922922922923,-1.0,-3.6268921362826494
29.32932932932933,-1.0,-4.626892136282649
29.42942942942943,-1.0,-5.626892136282649
29.52952952952953,-1.0,-6.626892136282649
29.62962962962963,-1.0,-7.626892136282649
29.72972972972973,-1.0,-8.626892136282649
29.82982982982983,-1.0,-9.626892136282649
29.929929929929934,-1.0,-10.626892136282649
30.030030030030034,-0.1588052805782858,-10.785697416860934
30.130130130130134,1.803982398071355,-8.98171501878958
30.230230230230234,1.8039823980715917,-7.177732620717988
30.330330330330334,1.803982398071355,-5.373750222646633
30.430430430430434,1.8039823980715917,-3.5697678245750417
30.530530530530534,1.8039823980715917,-1.7657854265034498
30.630630630630634,1.803982398071355,0.038196971567905046
30.730730730730734,1.803982398071355,1.84217936963926
30.830830830830834,1.8039823980715917,3.6461617677108515
30.930930930930934,1.8039823980715917,5.450144165782444
31.031031031031034,0.9347478546692563,6.3848920204517
31.131131131131134,-1.0,5.3848920204517
31.231231231231234,-1.0,4.3848920204517
31.331331331331334,-1.0,3.3848920204516992
31.431431431431434,-1.0,2.3848920204516992
31.531531531531535,-1.0,1.3848920204516995
31.631631631631635,-1.0,0.38489202045169935
31.731731731731735,-1.0,-0.6151079795483007
31.831831831831835,-1.0,-1.6151079795483005
31.931931931931935,-1.0,-2.6151079795483008
32.032032032032035,-0.4990334674860144,-3.114141447034315
32.132132132132135,0.5655204141065007,-2.5486210329278145
32.232232232232235,0.5655204141065007,-1.9831006188213138
32.332332332332335,0.5655204141065007,-1.4175802047148132
32.432432432432435,0.5655204141065007,-0.8520597906083126
32.532532532532535,0.5655204141065007,-0.28653937650181194
32.632632632632635,0.565520414106264,0.27898103760445203
32.732732732732735,0.5655204141065007,0.8445014517109527
32.832832832832835,0.5655204141065007,1.4100218658174535
32.932932932932935,0.5655204141065007,1.9755422799239541
33.033033033033036,0.36048002080602615,2.33602230072998
33.133133133133136,-0.055814111046983084,2.280208189682997
33.233233233233236,-0.055814111046983084,2.224394078636014
33.333333333333336,-0.055814111046983084,2.168579967589031
33.433433433433436,-0.05581411104674627,2.1127658565422847
33.533533533533536,-0.05581411104674627,2.0569517454955384
33.633633633633636,-0.055814111046983084,2.0011376344485554
33.733733733733736,-0.055814111046983084,1.9453235234015727
33.833833833833836,-0.055814111046983084,1.8895094123545897
33.933933933933936,-0.05581411104674627,1.8336953013078434
34.034034034034036,-0.3241724919053668,1.5095228094024766
34.134134134134136,-0.8451034665136392,0.6644193428888373
34.234234234234236,-0.8451034665131658,-0.18068412362432848
34.334334334334336,-0.8451034665134025,-1.025787590137731
34.434434434434436,-0.8451034665134025,-1.8708910566511334
34.53453453453454,-0.8451034665134025,-2.7159945231645364
34.63463463463464,-0.8451034665134025,-3.561097989677939
34.73473473473474,-0.8451034665134025,-4.406201456191341
34.83483483483484,-0.8451034665134025,-5.251304922704744
34.93493493493494,-0.8451034665134025,-6.096408389218146
35.03503503503504,0.0706601378825451,-6.025748251335601
35.13513513513514,1.7713639746178762,-4.254384276717725
35.23523523523524,1.7713639746174028,-2.4830203021003228
35.33533533533534,1.7713639746178762,-0.7116563274824464
35.43543543543544,1.7713639746178762,1.0597076471354299
35.53553553553554,1.7713639746176395,2.831071621753069
35.63563563563564,1.7713639746176395,4.602435596370709
35.73573573573574,1.7713639746178762,6.373799570988585
35.83583583583584,1.7713639746176395,8.145163545606225
35.93593593593594,1.7713639746178762,9.9165275202241
36.03603603603604,0.7736729437551473,10.690200463979249
36.13613613613614,-1.0,9.690200463979249
36.23623623623624,-1.0,8.690200463979249
36.33633633633634,-1.0,7.690200463979249
36.43643643643644,-1.0,6.690200463979249
36.53653653653654,-1.0,5.690200463979249
36.63663663663664,-1.0,4.690200463979249
36.73673673673674,-1.0,3.6902004639792483
36.83683683683684,-1.0,2.6902004639792483
36.93693693693694,-1.0,1.6902004639792485
37.03703703703704,-0.7450790983108806,0.9451213656683678
37.13713713713714,-0.31102459002950944,0.6340967756388584
37.23723723723724,-0.31102459002974625,0.3230721856091121
37.33733733733734,-0.31102459002950944,0.012047595579602687
37.43743743743744,-0.31102459002974625,-0.2989769944501436
37.53753753753754,-0.31102459002950944,-0.610001584479653
37.63763763763764,-0.31102459002950944,-0.9210261745091625
37.73773773773774,-0.31102459002950944,-1.2320507645386718
37.83783783783784,-0.31102459002950944,-1.5430753545681812
37.93793793793794,-0.31102459002950944,-1.8540999445976907
38.03803803803804,-0.06138055155198796,-1.9154804961496785
38.13813813813814,0.34593340596454136,-1.5695470901851372
38.23823823823824,0.34593340596430466,-1.2236136842208325
38.33833833833834,0.34593340596430466,-0.877680278256528
38.43843843843844,0.34593340596454136,-0.5317468722919866
38.53853853853854,0.34593340596454136,-0.1858134663274452
38.63863863863864,0.34593340596430466,0.16011993963685947
38.73873873873874,0.34593340596430466,0.5060533456011641
38.83883883883884,0.34593340596454136,0.8519867515657055
38.93893893893894,0.34593340596430466,1.1979201575300102
39.03903903903904,0.29477165464460575,1.492691812174616
39.13913913913914,0.21474942822151744,1.7074412403961334
39.23923923923924,0.21474942822151744,1.9221906686176509
39.33933933933934,0.21474942822128074,2.136940096838931
39.43943943943944,0.21474942822151744,2.3516895250604484
39.53953953953954,0.21474942822151744,2.5664389532819656
39.63963963963964,0.21474942822128074,2.7811883815032465
39.73973973973974,0.21474942822151744,2.9959378097247638
39.83983983983984,0.21474942822151744,3.210687237946281
39.93993993993994,0.21474942822128074,3.425436666167562
40.04004004004004,-0.05655717730989129,3.3688794888576705
40.14014014014014,-0.4635170856065308,2.90536240325114
40.24024024024024,-0.46351708560676763,2.4418453176443724
40.34034034034034,-0.4635170856065308,1.978328232037842
40.44044044044044,-0.46351708560700433,1.5148111464308376
40.54054054054054,-0.4635170856065308,1.0512940608243067
40.64064064064064,-0.46351708560676763,0.5877769752175389
40.74074074074074,-0.46351708560676763,0.1242598896107713
40.84084084084084,-0.4635170856065308,-0.33925719599575954
40.94094094094094,-0.46351708560676763,-0.8027742816025272
41.04104104104104,0.002675584918901963,-0.8000986966836252
41.14114114114114,0.6735382083577834,-0.12656048832584174
41.24124124124124,0.6735382083580201,0.5469777200321784
41.34134134134134,0.6735382083580201,1.2205159283901985
41.44144144144144,0.6735382083580201,1.8940541367482187
41.54154154154154,0.6735382083580201,2.5675923451062386
41.64164164164164,0.6735382083580201,3.241130553464259
41.74174174174174,0.6735382083580201,3.9146687618222793
41.84184184184184,0.6735382083577834,4.588206970180063
41.94194194194194,0.6735382083580201,5.261745178538083
42.04204204204204,0.18973322828421413,5.4514784068222975
42.14214214214214,-0.4783784108656429,4.973099995956654
42.24224224224224,-0.4783784108651695,4.494721585091485
42.34234234234234,-0.4783784108654062,4.016343174226078
42.44244244244244,-0.4783784108654062,3.5379647633606717
42.54254254254254,-0.4783784108654062,3.0595863524952653
42.64264264264264,-0.4783784108651695,2.5812079416300957
42.74274274274275,-0.4783784108654062,2.1028295307646894
42.84284284284285,-0.4783784108656429,1.6244511198990466
42.94294294294295,-0.4783784108651695,1.146072709033877
43.04304304304305,-0.547779707078929,0.5982930019549478
43.14314314314315,-0.6397767741525693,-0.04148377219762143
43.24324324324325,-0.639776774152806,-0.6812605463504274
43.34334334334335,-0.6397767741525693,-1.3210373205029966
43.44344344344345,-0.639776774152806,-1.9608140946558026
43.54354354354355,-0.6397767741523326,-2.6005908688081356
43.64364364364365,-0.639776774152806,-3.240367642960942
43.74374374374375,-0.639776774152806,-3.880144417113748
43.84384384384385,-0.6397767741525693,-4.519921191266317
43.94394394394395,-0.6397767741525693,-5.159697965418886
44.04404404404405,-0.012058435605071027,-5.1717564010239565
44.14414414414415,0.7868558134555537,-4.384900587568403
44.24424424424425,0.7868558134550803,-3.598044774113323
44.34434434434435,0.7868558134555537,-2.8111889606577694
44.44444444444445,0.786855813455317,-2.0243331472024524
44.54454454454455,0.786855813455317,-1.2374773337471352
44.64464464464465,0.7868558134555537,-0.45062152029158165
44.74474474474475,0.786855813455317,0.3362342931637353
44.84484484484485,0.786855813455317,1.1230901066190524
44.94494494494495,0.786855813455317,1.9099459200743694
45.04504504504505,0.24528344153321147,2.1552293616075806
45.14514514514515,-0.4166383463714527,1.7385910152361281
45.24524524524525,-0.4166383463716894,1.3219526688644387
45.34534534534535,-0.4166383463714527,0.9053143224929859
45.44544544544545,-0.4166383463716894,0.48867597612129654
45.54554554554555,-0.4166383463714527,0.07203762974984387
45.64564564564565,-0.4166383463716894,-0.34460071662184555
45.74574574574575,-0.4166383463716894,-0.7612390629935349
45.84584584584585,-0.4166383463714527,-1.1778774093649875
45.94594594594595,-0.4166383463716894,-1.594515755736677
46.04604604604605,0.1967606681915257,-1.3977550875451512
46.14614614614615,0.9168377722435528,-0.48091731530159854
46.24624624624625,0.9168377722437895,0.43592045694219095
46.34634634634635,0.9168377722435528,1.3527582291857438
46.44644644644645,0.9168377722435528,2.269596001429296
46.54654654654655,0.9168377722435528,3.186433773672849
46.64664664664665,0.9168377722437895,4.103271545916639
46.74674674674675,0.9168377722435528,5.020109318160192
46.84684684684685,0.9168377722437895,5.936947090403981
46.94694694694695,0.9168377722435528,6.853784862647534
47.04704704704705,0.01592401928903575,6.869708881936569
47.14714714714715,-1.0,5.869708881936569
47.24724724724725,-1.0,4.869708881936569
47.34734734734735,-1.0,3.869708881936569
47.44744744744745,-1.0,2.869708881936569
47.54754754754755,-1.0,1.869708881936569
47.64764764764765,-1.0,0.8697088819365689
47.74774774774775,-1.0,-0.13029111806343105
47.84784784784785,-1.0,-1.130291118063431
47.94794794794795,-1.0,-2.130291118063431
48.04804804804805,-0.04603404773329445,-2.1763251657967255
48.14814814814815,0.9874290672224413,-1.188896098574284
48.24824824824825,0.9874290672224413,-0.20146703135184282
48.34834834834835,0.9874290672222046,0.7859620358703617
48.44844844844845,0.9874290672224413,1.7733911030928031
48.54854854854855,0.9874290672222046,2.7608201703150077
48.64864864864865,0.987429067222678,3.7482492375376855
48.74874874874875,0.9874290672222046,4.73567830475989
48.84884884884885,0.9874290672222046,5.723107371982095
48.94894894894895,0.9874290672224413,6.710536439204536
49.04904904904905,0.26337382680214483,6.973910266006681
49.14914914914915,-0.4902346887371929,6.483675577269488
49.24924924924925,-0.4902346887371929,5.993440888532295
49.34934934934935,-0.4902346887369562,5.503206199795339
49.44944944944945,-0.4902346887374297,5.012971511057909
49.54954954954955,-0.4902346887369562,4.522736822320953
49.64964964964965,-0.4902346887374297,4.032502133583523
49.74974974974975,-0.4902346887369562,3.542267444846566
49.84984984984985,-0.4902346887371929,3.0520327561093734
49.94994994994995,-0.4902346887371929,2.5617980673721807
50.050050050050054,-0.5270328599201815,2.0347652074519993
50.150150150150154,-0.5638310311026965,1.4709341763493031
50.250250250250254,-0.5638310311029332,0.9071031452463698
50.350350350350354,-0.5638310311026965,0.3432721141436733
50.450450450450454,-0.5638310311026965,-0.22055891695902316
50.550550550550554,-0.5638310311029332,-0.7843899480619564
50.650650650650654,-0.5638310311026965,-1.3482209791646527
50.750750750750754,-0.5638310311026965,-1.912052010267349
50.850850850850854,-0.5638310311029332,-2.4758830413702824
50.950950950950954,-0.5638310311026965,-3.0397140724729788
51.051051051051054,0.3577754781578122,-2.6819385943151666
51.151151151151154,1.2432405556822435,-1.438698038632923
51.251251251251254,1.2432405556824802,-0.19545748295044282
51.351351351351354,1.2432405556824802,1.0477830727320374
51.451451451451454,1.2432405556824802,2.2910236284145173
51.551551551551555,1.2432405556824802,3.5342641840969975
51.651651651651655,1.2432405556824802,4.777504739779478
51.751751751751755,1.2432405556824802,6.020745295461959
51.851851851851855,1.2432405556822435,7.263985851144202
51.951951951951955,1.2432405556827169,8.50722640682692
52.052052052052055,0.10144493605783467,8.608671342884755
52.152152152152155,-0.9525202512874094,7.656151091597345
52.252252252252255,-0.9525202512876461,6.7036308403097
52.352352352352355,-0.9525202512876461,5.751110589022053
52.452452452452455,-0.9525202512874094,4.798590337734644
52.552552552552555,-0.9525202512876461,3.846070086446997
52.652652652652655,-0.9525202512874094,2.893549835159588
52.752752752752755,-0.9525202512876461,1.941029583871942
52.852852852852855,-0.9525202512874094,0.9885093325845326
52.952952952952955,-0.9525202512878829,0.035989081296649704
53.053053053053056,0.01304627663732294,0.049035357933972644
53.153153153153156,0.869303386305992,0.9183387442399646
53.253253253253256,0.8693033863057553,1.7876421305457202
53.353353353353356,0.869303386305992,2.656945516851712
53.453453453453456,0.869303386305992,3.526248903157704
53.553553553553556,0.8693033863057553,4.39555228946346
53.653653653653656,0.869303386305992,5.264855675769452
53.753753753753756,0.869303386305992,6.134159062075444
53.853853853853856,0.869303386305992,7.003462448381436
53.953953953953956,0.8693033863057553,7.872765834687192
54.054054054054056,-0.0740902628812884,7.798675571805903
54.154154154154156,-0.8777218899673545,6.920953681838549
54.254254254254256,-0.8777218899671178,6.043231791871431
54.354354354354356,-0.8777218899671178,5.165509901904313
54.454454454454456,-0.8777218899673545,4.287788011936959
54.55455455455456,-0.8777218899671178,3.4100661219698405
54.65465465465466,-0.8777218899671178,2.5323442320027225
54.75475475475476,-0.8777218899671178,1.654622342035605
54.85485485485486,-0.8777218899671178,0.7769004520684871
54.95495495495496,-0.8777218899673545,-0.1008214378988673
55.05505505505506,-0.3091669243722388,-0.40998836227110613
55.15515515515516,0.15601441111465242,-0.2539739511564537
55.25525525525526,0.15601441111465242,-0.09795954004180127
55.35535535535536,0.15601441111441572,0.05805487107261444
55.45545545545546,0.15601441111441572,0.21406928218703017
55.55555555555556,0.15601441111465242,0.37008369330168256
55.65565565565566,0.15601441111465242,0.526098104416335
55.75575575575576,0.15601441111417902,0.682112515530514
55.85585585585586,0.15601441111465242,0.8381269266451664
55.95595595595596,0.15601441111465242,0.9941413377598188
56.05605605605606,0.3487745416755359,1.3429158794353548
56.15615615615616,0.5002289299738634,1.8431448094092182
56.25625625625626,0.5002289299733897,2.3433737393826077
56.35635635635636,0.5002289299736264,2.843602669356234
56.45645645645646,0.5002289299738634,3.3438315993300978
56.55655655655656,0.5002289299733897,3.8440605293034875
56.65665665665666,0.5002289299738634,4.344289459277351
56.75675675675676,0.5002289299733897,4.844518389250741
56.85685685685686,0.5002289299738634,5.344747319224604
56.95695695695696,0.5002289299736264,5.844976249198231
57.05705705705706,-0.23447073466286628,5.610505514535364
57.15715715715716,-0.7887178500909068,4.821787664444457
57.25725725725726,-0.7887178500906701,4.033069814353787
57.35735735735736,-0.7887178500909068,3.24435196426288
57.45745745745746,-0.7887178500909068,2.4556341141719735
57.55755755755756,-0.7887178500904334,1.6669162640815405
57.65765765765766,-0.7887178500909068,0.8781984139906336
57.75775775775776,-0.7887178500906701,0.08948056389996353
57.85785785785786,-0.7887178500906701,-0.6992372861907066
57.95795795795796,-0.7887178500909068,-1.4879551362816132
58.05805805805806,-0.2493927072417781,-1.7373478435233913
58.15815815815816,0.14115308585601372,-1.5961947576673776
58.25825825825826,0.14115308585577702,-1.4550416718116006
58.35835835835836,0.14115308585577702,-1.3138885859558236
58.45845845845846,0.14115308585601372,-1.1727355000998099
58.55855855855856,0.14115308585554032,-1.0315824142442696
58.65865865865866,0.14115308585601372,-0.890429328388256
58.75875875875876,0.14115308585577702,-0.7492762425324789
58.85885885885886,0.14115308585577702,-0.6081231566767019
58.95895895895896,0.14115308585601372,-0.4669700708206882
59.05905905905906,-0.532127234799219,-0.9990973056199072
59.15915915915916,-1.0,-1.9990973056199073
59.25925925925926,-1.0,-2.9990973056199075
59.35935935935936,-1.0,-3.9990973056199075
59.45945945945946,-1.0,-4.999097305619907
59.55955955955956,-1.0,-5.999097305619907
59.65965965965966,-1.0,-6.999097305619907
59.75975975975976,-1.0,-7.999097305619907
59.85985985985987,-1.0,-8.999097305619907
59.95995995995997,-1.0,-9.999097305619907
60.06006006006007,0.3146044210258032,-9.684492884594103
60.16016016016017,1.1910073683761806,-8.493485516217923
60.26026026026027,1.1910073683764177,-7.302478147841505
60.36036036036037,1.191007368375944,-6.111470779465561
60.46046046046047,1.1910073683761806,-4.920463411089381
60.56056056056057,1.1910073683761806,-3.729456042713201
60.66066066066067,1.1910073683761806,-2.5384486743370203
60.76076076076077,1.1910073683761806,-1.3474413059608394
60.86086086086087,1.1910073683761806,-0.15643393758465893
60.96096096096097,1.1910073683764177,1.034573430791759
61.06106106106107,0.4601088154973023,1.4946822462890612
61.16116116116117,-0.0071869806045745666,1.4874952656844866
61.26126126126127,-0.007186980605047966,1.4803082850794387
61.36136136136137,-0.007186980604811266,1.4731213044746274
61.46146146146147,-0.007186980604811266,1.4659343238698161
61.56156156156157,-0.007186980604811266,1.4587473432650049
61.66166166166167,-0.007186980605047966,1.451560362659957
61.76176176176177,-0.007186980605047966,1.444373382054909
61.86186186186187,-0.0071869806045745666,1.4371864014503344
61.96196196196197,-0.007186980604811266,1.4299994208455231
62.06206206206207,-0.14085804483988684,1.2891413760056363
62.16216216216217,-0.22278547130619486,1.0663559046994415
62.26226226226227,-0.22278547130595816,0.8435704333934833
62.36236236236237,-0.22278547130643156,0.6207849620870517
62.46246246246247,-0.22278547130619486,0.39799949078085683
62.56256256256257,-0.22278547130595816,0.1752140194748987
62.66266266266267,-0.22278547130619486,-0.047571451831296165
62.76276276276277,-0.22278547130619486,-0.27035692313749105
62.86286286286287,-0.22278547130619486,-0.4931423944436859
62.96296296296297,-0.22278547130595816,-0.7159278657496441
63.06306306306307,-0.7124306243834909,-1.428358490133135
63.16316316316317,-1.0,-2.428358490133135
63.26326326326327,-1.0,-3.428358490133135
63.36336336336337,-1.0,-4.428358490133135
63.46346346346347,-1.0,-5.428358490133135
63.56356356356357,-1.0,-6.428358490133135
63.66366366366367,-1.0,-7.428358490133135
63.76376376376377,-1.0,-8.428358490133135
63.86386386386387,-1.0,-9.428358490133135
63.96396396396397,-1.0,-10.428358490133135
64.06406406406407,0.4828805182234097,-9.945477971909725
64.16416416416416,1.3170008097233676,-8.628477162186357
64.26426426426427,1.317000809723841,-7.311476352462516
64.36436436436436,1.3170008097233676,-5.994475542739148
64.46446446446447,1.3170008097240777,-4.677474733015071
64.56456456456456,1.3170008097233676,-3.360473923291704
64.66466466466467,1.317000809723841,-2.0434731135678628
64.76476476476476,1.3170008097236043,-0.7264723038442583
64.86486486486487,1.317000809723841,0.5905285058795827
64.96496496496496,1.3170008097233676,1.9075293156029505
65.06506506506507,0.19592417227359893,2.1034534878765494
65.16516516516516,-0.4077324786615476,1.6957210092150021
65.26526526526527,-0.4077324786615476,1.2879885305534546
65.36536536536536,-0.4077324786613109,0.8802560518921436
65.46546546546547,-0.4077324786613109,0.4725235732308327
65.56556556556556,-0.4077324786613109,0.06479109456952184
65.66566566566567,-0.4077324786615476,-0.3429413840920258
65.76576576576576,-0.4077324786615476,-0.7506738627535734
65.86586586586587,-0.4077324786613109,-1.1584063414148842
65.96596596596596,-0.4077324786613109,-1.5661388200761952
66.06606606606607,0.08694640197474968,-1.4791924181014455
66.16616616616616,0.3417809768478717,-1.1374114412535739
66.26626626626627,0.3417809768483451,-0.7956304644052289
66.36636636636636,0.3417809768478717,-0.4538494875573572
66.46646646646647,0.3417809768481084,-0.11206851070924881
66.56656656656656,0.341780976847635,0.22971246613838617
66.66666666666667,0.3417809768483451,0.5714934429867312
66.76676676676676,0.3417809768478717,0.9132744198346029
66.86686686686687,0.3417809768483451,1.255055396682948
66.96696696696696,0.341780976847635,1.596836373530583
67.06706706706707,0.13184017081789134,1.7286765443484744
67.16716716716716,0.028436490235755896,1.7571130345842303
67.26726726726727,0.028436490235992595,1.7855495248202229
67.36736736736736,0.028436490235519196,1.813986015055742
67.46746746746747,0.028436490235992595,1.8424225052917347
67.56756756756756,0.028436490235519196,1.8708589955272539
67.66766766766767,0.028436490235992595,1.8992954857632465
67.76776776776777,0.028436490235755896,1.9277319759990024
67.86786786786787,0.028436490235755896,1.9561684662347583
67.96796796796797,0.028436490235755896,1.9846049564705142
68.06806806806807,-0.3545398616803692,1.630065094790145
68.16816816816817,-0.5347640272881387,1.0953010675020063
68.26826826826827,-0.5347640272881387,0.5605370402138675
68.36836836836838,-0.5347640272876651,0.025773012926202397
68.46846846846847,-0.5347640272881387,-0.5089910143619363
68.56856856856858,-0.5347640272881387,-1.0437550416500747
68.66866866866867,-0.5347640272876651,-1.5785190689377397
68.76876876876878,-0.5347640272881387,-2.1132830962258784
68.86886886886887,-0.5347640272881387,-2.6480471235140173
68.96896896896898,-0.5347640272879018,-3.182811150801919
69.06906906906907,0.3669370480819507,-2.815874102719968
69.16916916916918,0.7720491254218853,-2.0438249772980828
69.26926926926927,0.7720491254218853,-1.2717758518761972
69.36936936936938,0.772049125422122,-0.49972672645407534
69.46946946946947,0.7720491254216484,0.27232239896757304
69.56956956956958,0.772049125422122,1.0443715243896952
69.66966966966967,0.7720491254216484,1.8164206498113435
69.76976976976978,0.772049125422122,2.5884697752334653
69.86986986986987,0.7720491254216484,3.3605189006551135
69.96996996996998,0.7720491254223587,4.132568026077473
70.07007007007007,0.014318231239788926,4.146886257317261
70.17017017017018,-0.31042358055223385,3.8364626767650267
70.27027027027027,-0.31042358055223385,3.5260390962127928
70.37037037037038,-0.31042358055223385,3.215615515660559
70.47047047047047,-0.31042358055223385,2.905191935108325
70.57057057057058,-0.31042358055223385,2.594768354556091
70.67067067067067,-0.31042358055223385,2.284344774003857
70.77077077077078,-0.31042358055199715,1.97392119345186
70.87087087087087,-0.31042358055223385,1.663497612899626
70.97097097097098,-0.31042358055223385,1.353074032347392
71.07107107107107,-0.8000228383602236,0.5530511939871683
71.17117117117118,-1.0,-0.4469488060128317
71.27127127127127,-1.0,-1.4469488060128317
71.37137137137138,-1.0,-2.446948806012832
71.47147147147147,-1.0,-3.446948806012832
71.57157157157158,-1.0,-4.4469488060128315
71.67167167167167,-1.0,-5.4469488060128315
71.77177177177178,-1.0,-6.4469488060128315
71.87187187187187,-1.0,-7.4469488060128315
71.97197197197198,-1.0,-8.44694880601283
72.07207207207207,0.8035267236132997,-7.643422082399531
72.17217217217218,1.5048982272406022,-6.138523855158929
72.27227227227228,1.5048982272406022,-4.6336256279183266
72.37237237237238,1.5048982272406022,-3.128727400677725
72.47247247247248,1.5048982272406022,-1.6238291734371224
72.57257257257258,1.5048982272406022,-0.11893094619652031
72.67267267267268,1.5048982272403655,1.3859672810438453
72.77277277277278,1.5048982272410756,2.8908655082849206
72.87287287287288,1.5048982272401288,4.395763735525049
72.97297297297298,1.5048982272410756,5.900661962766125
73.07307307307308,-0.3236774786454564,5.576984484120668
73.17317317317318,-1.0000000000002367,4.576984484120432
73.27327327327328,-0.9999999999995266,3.576984484120905
73.37337337337338,-1.0000000000002367,2.5769844841206684
73.47347347347348,-1.0,1.5769844841206686
73.57357357357358,-1.0,0.5769844841206685
73.67367367367368,-1.0000000000002367,-0.4230155158795682
73.77377377377378,-0.9999999999995266,-1.4230155158790947
73.87387387387388,-1.0000000000004734,-2.4230155158795683
73.97397397397398,-0.9999999999997633,-3.4230155158793316
74.07407407407408,0.18306748680802798,-3.2399480290713036
74.17417417417418,0.5987398470374916,-2.6412081820338122
74.27427427427428,0.5987398470377283,-2.042468334996084
74.37437437437438,0.5987398470377283,-1.4437284879583556
74.47447447447448,0.5987398470374916,-0.8449886409208641
74.57457457457458,0.5987398470377283,-0.24624879388313578
74.67467467467468,0.5987398470372549,0.3524910531541191
74.77477477477478,0.5987398470379652,0.9512309001920843
74.87487487487488,0.5987398470374916,1.549970747229576
74.97497497497498,0.5987398470377283,2.148710594267304
75.07507507507508,-0.01236385769434667,2.1363467365729574
75.17517517517518,-0.21606509260456497,1.9202816439683927
75.27527527527528,-0.21606509260456497,1.7042165513638279
75.37537537537538,-0.21606509260456497,1.488151458759263
75.47547547547548,-0.21606509260480167,1.2720863661544615
75.57557557557558,-0.21606509260432827,1.0560212735501333
75.67567567567568,-0.21606509260480167,0.8399561809453315
75.77577577577578,-0.21606509260456497,0.6238910883407666
75.87587587587588,-0.21606509260480167,0.4078259957359649
75.97597597597598,-0.21606509260432827,0.19176090313163666
76.07607607607608,-0.5840533608998367,-0.3922924577682001
76.17617617617618,-0.7002601824665279,-1.0925526402347279
76.27627627627628,-0.7002601824665279,-1.7928128227012559
76.37637637637638,-0.7002601824662912,-2.493073005167547
76.47647647647648,-0.7002601824665279,-3.193333187634075
76.57657657657658,-0.7002601824665279,-3.8935933701006027
76.67667667667668,-0.7002601824665279,-4.59385355256713
76.77677677677679,-0.7002601824662912,-5.294113735033421
76.87687687687688,-0.7002601824665279,-5.994373917499949
76.97697697697699,-0.7002601824662912,-6.69463409996624
77.07707707707708,1.0543809766295325,-5.6402531233367075
77.17717717717719,1.5784945696061055,-4.061758553730602
77.27727727727728,1.5784945696058688,-2.4832639841247337
77.37737737737739,1.5784945696065789,-0.9047694145181547
77.47747747747748,1.5784945696061055,0.6737251550879507
77.57757757757759,1.5784945696063422,2.2522197246942928
77.67767767767768,1.5784945696058688,3.8307142943001615
77.77777777777779,1.5784945696065789,5.409208863906741
77.87787787787788,1.5784945696058688,6.9877034335126105
77.97797797797799,1.5784945696065789,8.56619800311919
78.07807807807808,-0.4327311946870497,8.133466808432141
78.17817817817819,-1.0,7.133466808432141
78.27827827827828,-1.0,6.133466808432141
78.37837837837839,-1.0,5.133466808432141
78.47847847847848,-1.0,4.133466808432141
78.57857857857859,-1.0,3.1334668084321406
78.67867867867868,-1.0,2.1334668084321406
78.77877877877879,-1.0,1.1334668084321409
78.87887887887888,-1.0,0.1334668084321408
78.97897897897899,-1.0,-0.8665331915678592
79.07907907907908,-0.04595919473474208,-0.9124923863026013
79.17917917917919,0.20764658894367605,-0.7048457973589253
79.27927927927928,0.20764658894296595,-0.4971992084159593
79.37937937937939,0.20764658894343935,-0.28955261947252
79.47947947947948,0.20764658894343935,-0.0819060305290806
79.57957957957959,0.20764658894343935,0.12574055841435874
79.67967967967968,0.20764658894343935,0.33338714735779806
79.77977977977979,0.20764658894343935,0.5410337363012374
79.87987987987988,0.20764658894320265,0.7486803252444401
79.97997997997999,0.20764658894343935,0.9563269141878794
80.08008008008008,-0.011208280380842428,0.945118633807037
80.18018018018019,-0.06592199771167617,0.8791966360953608
80.28028028028028,-0.06592199771167617,0.8132746383836846
80.38038038038039,-0.06592199771191287,0.7473526406717718
80.48048048048048,-0.06592199771191287,0.6814306429598589
80.58058058058059,-0.06592199771167617,0.6155086452481827
80.68068068068068,-0.06592199771191287,0.5495866475362698
80.78078078078079,-0.06592199771167617,0.4836646498245937
80.88088088088088,-0.06592199771191287,0.4177426521126808
80.98098098098099,-0.06592199771167617,0.35182065440100463
81.08108108108108,-0.13801527001177638,0.21380538438922828
81.18118118118119,-0.15492603758812384,0.058879346801104425
81.28128128128128,-0.15492603758836054,-0.09604669078725611
81.38138138138139,-0.15492603758812384,-0.25097272837538
81.48148148148148,-0.15492603758836054,-0.4058987659637405
81.58158158158159,-0.15492603758812384,-0.5608248035518644
81.68168168168168,-0.15492603758836054,-0.7157508411402249
81.78178178178179,-0.15492603758812384,-0.8706768787283488
81.88188188188188,-0.15492603758836054,-1.025602916316709
81.98198198198199,-0.15492603758812384,-1.180528953904833
82.08208208208208,0.08154168765627179,-1.0989872662485611
82.18218218218219,0.13344923710066015,-0.9655380291479011
82.28228228228228,0.13344923710042345,-0.8320887920474777
82.38238238238239,0.13344923710042345,-0.6986395549470542
82.48248248248248,0.13344923710042345,-0.5651903178466308
82.58258258258259,0.13344923710042345,-0.4317410807462073
82.68268268268268,0.13344923710042345,-0.29829184364578387
82.78278278278279,0.13344923710042345,-0.1648426065453604
82.88288288288288,0.13344923710042345,-0.03139336944493696
82.98298298298299,0.13344923710042345,0.10205586765548649
83.08308308308308,0.26600406282402056,0.368059930479507
83.18318318318319,0.29315384640617337,0.6612137768856804
83.28328328328328,0.29315384640593645,0.9543676232916168
83.38338338338339,0.29315384640617337,1.2475214696977903
83.48348348348348,0.29315384640569975,1.54067531610349
83.58358358358359,0.29315384640617337,1.8338291625096634
83.68368368368368,0.29315384640617337,2.1269830089158366
83.78378378378379,0.29315384640593645,2.4201368553217733
83.88388388388388,0.29315384640593645,2.71329070172771
83.98398398398399,0.29315384640593645,3.0064445481336466
84.08408408408408,-0.7033701333256066,2.30307441480804
84.18418418418419,-0.8931842247032687,1.4098901901047716
84.28428428428428,-0.8931842247032687,0.5167059654015027
84.38438438438439,-0.8931842247032687,-0.37647825930176604
84.48448448448448,-0.8931842247032687,-1.2696624840050348
84.58458458458459,-0.893184224703032,-2.162846708708067
84.68468468468468,-0.8931842247035054,-3.0560309334115723
84.78478478478479,-0.893184224703032,-3.949215158114604
84.88488488488488,-0.8931842247035054,-4.842399382818109
84.98498498498499,-0.893184224703032,-5.735583607521141
85.08508508508508,0.1550036224480884,-5.580579985073053
85.18518518518519,0.33997794841580786,-5.240602036657245
85.28528528528528,0.33997794841604456,-4.900624088241201
85.38538538538539,0.33997794841604456,-4.560646139825156
85.4854854854855,0.33997794841604456,-4.2206681914091115
85.58558558558559,0.33997794841557116,-3.880690242993541
85.6856856856857,0.33997794841604456,-3.5407122945774963
85.78578578578579,0.33997794841580786,-3.2007343461616884
85.8858858858859,0.33997794841580786,-2.8607563977458805
85.98598598598599,0.33997794841604456,-2.520778449329836
86.0860860860861,-0.8124030872218768,-3.3331815365517126
86.18618618618619,-1.0,-4.333181536551712
86.2862862862863,-1.0,-5.333181536551712
86.38638638638639,-1.0,-6.333181536551712
86.4864864864865,-1.0,-7.333181536551712
86.58658658658659,-1.0,-8.333181536551713
86.6866866866867,-1.0,-9.333181536551713
86.78678678678679,-1.0,-10.333181536551713
86.8868868868869,-1.0,-11.333181536551713
86.98698698698699,-1.0,-12.333181536551713
87.0870870870871,1.3971590828379692,-10.936022453713743
87.18718718718719,1.7553552676294197,-9.180667186084325
87.2872872872873,1.7553552676296564,-7.425311918454668
87.38738738738739,1.755355267629183,-5.669956650825485
87.4874874874875,1.7553552676298931,-3.9146013831955924
87.58758758758759,1.755355267629183,-2.1592461155664093
87.6876876876877,1.7553552676296564,-0.4038908479367528
87.78778778778779,1.7553552676294197,1.351464419692667
87.8878878878879,1.7553552676296564,3.1068196873223233
87.98798798798799,1.7553552676294197,4.862174954951744
88.0880880880881,-0.25629557427573146,4.605879380676012
88.18818818818819,-0.5306115981717054,4.075267782504307
88.2882882882883,-0.5306115981714687,3.5446561843328377
88.38838838838839,-0.5306115981717054,3.0140445861611322
88.4884884884885,-0.5306115981714687,2.4834329879896635
88.58858858858859,-0.5306115981717054,1.9528213898179583
88.6886886886887,-0.5306115981714687,1.4222097916464895
88.78878878878879,-0.5306115981717054,0.891598193474784
88.8888888888889,-0.5306115981714687,0.3609865953033152
88.988988988989,-0.5306115981719423,-0.169625002868627
89.0890890890891,-0.07740674245177215,-0.24703174532039915
89.1891891891892,-0.02139265916120403,-0.2684244044816032
89.2892892892893,-0.02139265916073052,-0.2898170636423337
89.3893893893894,-0.02139265916120403,-0.31120972280353776
89.4894894894895,-0.02139265916073052,-0.3326023819642683
89.5895895895896,-0.02139265916096722,-0.3539950411252355
89.6896896896897,-0.02139265916096722,-0.3753877002862027
89.7897897897898,-0.02139265916096722,-0.39678035944716994
89.8898898898899,-0.02139265916096722,-0.41817301860813716
89.98998998999,-0.02139265916120403,-0.4395656777693412
90.0900900900901,-0.6040986660865586,-1.0436643438558997
90.1901901901902,-0.6688437779673639,-1.7125081218232636
90.2902902902903,-0.6688437779676006,-2.3813518997908645
90.3903903903904,-0.6688437779673639,-3.050195677758228
90.4904904904905,-0.6688437779673639,-3.7190394557255924
90.5905905905906,-0.6688437779676006,-4.387883233693192
90.6906906906907,-0.6688437779676006,-5.056727011660793
90.7907907907908,-0.6688437779673639,-5.725570789628157
90.8908908908909,-0.6688437779671272,-6.394414567595284
90.990990990991,-0.6688437779676006,-7.063258345562884
91.0910910910911,1.6219497403093799,-5.4413086052535045
91.1911911911912,1.8485117366223007,-3.592796868631204
91.2912912912913,1.8485117366225374,-1.7442851320086665
91.3913913913914,1.848511736622064,0.10422660461339742
91.4914914914915,1.8485117366225374,1.952738341235935
91.5915915915916,1.848511736622064,3.8012500778579987
91.6916916916917,1.8485117366227741,5.649761814480773
91.7917917917918,1.8485117366223007,7.498273551103074
91.8918918918919,1.8485117366223007,9.346785287725375
91.991991991992,1.848511736622064,11.19529702434744
92.0920920920921,-0.7721190610701686,10.42317796327727
92.1921921921922,-1.0,9.42317796327727
92.2922922922923,-1.0,8.42317796327727
92.3923923923924,-1.0,7.42317796327727
92.4924924924925,-1.0,6.42317796327727
92.5925925925926,-1.0,5.42317796327727
92.6926926926927,-1.0,4.42317796327727
92.7927927927928,-1.0,3.42317796327727
92.8928928928929,-1.0,2.42317796327727
92.992992992993,-1.0,1.42317796327727
93.0930930930931,-0.2714994749361047,1.1516784883411655
93.1931931931932,-0.21666610208207737,0.935012386259088
93.2932932932933,-0.21666610208207737,0.7183462841770106
93.3933933933934,-0.21666610208184067,0.50168018209517
93.4934934934935,-0.21666610208207737,0.2850140800130926
93.5935935935936,-0.21666610208207737,0.06834797793101524
93.6936936936937,-0.21666610208184067,-0.14831812415082543
93.7937937937938,-0.21666610208207737,-0.36498422623290283
93.8938938938939,-0.21666610208207737,-0.5816503283149802
93.993993993994,-0.21666610208207737,-0.7983164303970576
94.0940940940941,0.10802544346339871,-0.6902909869336589
94.1941941941942,0.12875043573144818,-0.5615405512022107
94.2942942942943,0.12875043573192158,-0.4327901154702891
94.3943943943944,0.12875043573192158,-0.30403967973836754
94.4944944944945,0.12875043573192158,-0.17528924400644594
94.5945945945946,0.12875043573168488,-0.04653880827476107
94.6946946946947,0.12875043573215827,0.08221162745739721
94.7947947947948,0.12875043573144818,0.2109620631888454
94.8948948948949,0.12875043573192158,0.33971249892076694
94.994994994995,0.12875043573192158,0.4684629346526885
95.0950950950951,-0.22477699816517505,0.2436859364875135
95.1951951951952,-0.24338370521250274,0.00030223127501074337
95.2952952952953,-0.24338370521250274,-0.243081473937492
95.3953953953954,-0.24338370521250274,-0.48646517914999476
95.4954954954955,-0.24338370521250274,-0.7298488843624975
95.5955955955956,-0.24338370521250274,-0.9732325895750001
95.6956956956957,-0.24338370521250274,-1.2166162947875028
95.7957957957958,-0.24338370521226604,-1.4599999999997688
95.8958958958959,-0.24338370521250274,-1.7033837052122716
95.995995995996,-0.24338370521250274,-1.9467674104247743
96.0960960960961,-0.04852550520305965,-1.9952929156278338
96.1961961961962,-0.04040641353627561,-2.03569932916411
96.2962962962963,-0.04040641353603891,-2.076105742700149
96.3963963963964,-0.04040641353580221,-2.116512156235951
96.4964964964965,-0.04040641353603891,-2.15691856977199
96.5965965965966,-0.04040641353603891,-2.1973249833080293
96.6966966966967,-0.04040641353627561,-2.2377313968443047
96.7967967967968,-0.04040641353603891,-2.278137810380344
96.8968968968969,-0.04040641353603891,-2.318544223916383
96.996996996997,-0.04040641353603891,-2.358950637452422
97.0970970970971,0.18817442824893882,-2.1707762092034835
97.1971971971972,0.19524393881934698,-1.975532270384136
97.2972972972973,0.19524393881934698,-1.780288331564789
97.3973973973974,0.19524393881934698,-1.585044392745442
97.4974974974975,0.19524393881934698,-1.389800453926095
97.5975975975976,0.19524393881934698,-1.194556515106748
97.6976976976977,0.19524393881934698,-0.9993125762874012
97.7977977977978,0.1952439388195839,-0.8040686374678173
97.8978978978979,0.1952439388195839,-0.6088246986482334
97.997997997998,0.19524393881911029,-0.4135807598291231
98.0980980980981,0.6528886154600271,0.23930785563090398
98.1981981981982,0.662228302738302,0.901536158369206
98.2982982982983,0.6622283027385387,1.5637644611077448
98.3983983983984,0.662228302738302,2.2259927638460466
98.4984984984985,0.662228302738302,2.888221066584349
98.5985985985986,0.6622283027380653,3.5504493693224144
98.6986986986987,0.6622283027385387,4.212677672060954
98.7987987987988,0.662228302738302,4.874905974799256
98.8988988988989,0.6622283027385387,5.5371342775377945
98.998998998999,0.6622283027380653,6.19936258027586
99.0990990990991,-0.6050662913453606,5.594296288930499
99.1991991991992,-0.6178672468412963,4.976429042089203
99.2992992992993,-0.6178672468410595,4.358561795248143
99.3993993993994,-0.6178672468410595,3.740694548407083
99.4994994994995,-0.6178672468410595,3.1228273015660233
99.5995995995996,-0.6178672468412963,2.504960054724727
99.6996996996997,-0.6178672468412963,1.887092807883431
99.7997997997998,-0.6178672468410595,1.2692255610423715
99.8998998998999,-0.6178672468410595,0.6513583142013118
100.0,-0.6178672468412963,0.033491067360015524
